"origin_date","horizon","location","target","output_type","output_type_id","value"
"2022-12-05",1,"20","inc covid hosp","quantile",0.01,31.629668582659
"2022-12-05",1,"20","inc covid hosp","quantile",0.025,34.418602277098
"2022-12-05",1,"20","inc covid hosp","quantile",0.05,36.7895823436934
"2022-12-05",1,"20","inc covid hosp","quantile",0.1,40.0752543900337
"2022-12-05",1,"20","inc covid hosp","quantile",0.15,42.607215426706
"2022-12-05",1,"20","inc covid hosp","quantile",0.2,44.9496367186899
"2022-12-05",1,"20","inc covid hosp","quantile",0.25,46.7585851992077
"2022-12-05",1,"20","inc covid hosp","quantile",0.3,48.6163877133192
"2022-12-05",1,"20","inc covid hosp","quantile",0.35,50.3455037876914
"2022-12-05",1,"20","inc covid hosp","quantile",0.4,51.6785913791063
"2022-12-05",1,"20","inc covid hosp","quantile",0.45,53.0243383611222
"2022-12-05",1,"20","inc covid hosp","quantile",0.5,54.3889689384592
"2022-12-05",1,"20","inc covid hosp","quantile",0.55,56.0210157931264
"2022-12-05",1,"20","inc covid hosp","quantile",0.6,57.4523209321621
"2022-12-05",1,"20","inc covid hosp","quantile",0.65,58.8373768301188
"2022-12-05",1,"20","inc covid hosp","quantile",0.7,60.6872025198741
"2022-12-05",1,"20","inc covid hosp","quantile",0.75,63.1126735504735
"2022-12-05",1,"20","inc covid hosp","quantile",0.8,65.4842063356166
"2022-12-05",1,"20","inc covid hosp","quantile",0.85,68.6420120772163
"2022-12-05",1,"20","inc covid hosp","quantile",0.9,71.7957746209948
"2022-12-05",1,"20","inc covid hosp","quantile",0.95,76.302545458492
"2022-12-05",1,"20","inc covid hosp","quantile",0.975,81.6432261938936
"2022-12-05",1,"20","inc covid hosp","quantile",0.99,89.8569185959683
"2022-12-05",10,"20","inc covid hosp","quantile",0.01,26.4016768792287
"2022-12-05",10,"20","inc covid hosp","quantile",0.025,30.3386084732444
"2022-12-05",10,"20","inc covid hosp","quantile",0.05,34.9726605985839
"2022-12-05",10,"20","inc covid hosp","quantile",0.1,39.4437278669348
"2022-12-05",10,"20","inc covid hosp","quantile",0.15,42.4385182764891
"2022-12-05",10,"20","inc covid hosp","quantile",0.2,44.8896798666162
"2022-12-05",10,"20","inc covid hosp","quantile",0.25,47.2853543664596
"2022-12-05",10,"20","inc covid hosp","quantile",0.3,49.5911455086591
"2022-12-05",10,"20","inc covid hosp","quantile",0.35,51.9295281176451
"2022-12-05",10,"20","inc covid hosp","quantile",0.4,54.4329992307596
"2022-12-05",10,"20","inc covid hosp","quantile",0.45,56.4453609867131
"2022-12-05",10,"20","inc covid hosp","quantile",0.5,58.915974345296
"2022-12-05",10,"20","inc covid hosp","quantile",0.55,61.4942447049252
"2022-12-05",10,"20","inc covid hosp","quantile",0.6,63.6368872409716
"2022-12-05",10,"20","inc covid hosp","quantile",0.65,66.1572475262593
"2022-12-05",10,"20","inc covid hosp","quantile",0.7,69.2452971656804
"2022-12-05",10,"20","inc covid hosp","quantile",0.75,71.6511618819529
"2022-12-05",10,"20","inc covid hosp","quantile",0.8,75.0355370798783
"2022-12-05",10,"20","inc covid hosp","quantile",0.85,79.2801739831873
"2022-12-05",10,"20","inc covid hosp","quantile",0.9,85.2339062378662
"2022-12-05",10,"20","inc covid hosp","quantile",0.95,94.0331870801028
"2022-12-05",10,"20","inc covid hosp","quantile",0.975,102.456526321909
"2022-12-05",10,"20","inc covid hosp","quantile",0.99,113.295458682098
"2022-12-05",11,"20","inc covid hosp","quantile",0.01,22.3720142462488
"2022-12-05",11,"20","inc covid hosp","quantile",0.025,26.1686263855194
"2022-12-05",11,"20","inc covid hosp","quantile",0.05,30.0123796778742
"2022-12-05",11,"20","inc covid hosp","quantile",0.1,34.826943811623
"2022-12-05",11,"20","inc covid hosp","quantile",0.15,37.9017510404858
"2022-12-05",11,"20","inc covid hosp","quantile",0.2,40.6011243260574
"2022-12-05",11,"20","inc covid hosp","quantile",0.25,42.9262005355486
"2022-12-05",11,"20","inc covid hosp","quantile",0.3,44.8690907100085
"2022-12-05",11,"20","inc covid hosp","quantile",0.35,46.9806937497429
"2022-12-05",11,"20","inc covid hosp","quantile",0.4,48.7093616410892
"2022-12-05",11,"20","inc covid hosp","quantile",0.45,50.6168139263832
"2022-12-05",11,"20","inc covid hosp","quantile",0.5,52.2220370008999
"2022-12-05",11,"20","inc covid hosp","quantile",0.55,54.3124894831266
"2022-12-05",11,"20","inc covid hosp","quantile",0.6,56.3157892075093
"2022-12-05",11,"20","inc covid hosp","quantile",0.65,58.9252561272036
"2022-12-05",11,"20","inc covid hosp","quantile",0.7,61.4309769246237
"2022-12-05",11,"20","inc covid hosp","quantile",0.75,64.1847165824437
"2022-12-05",11,"20","inc covid hosp","quantile",0.8,67.8487282949209
"2022-12-05",11,"20","inc covid hosp","quantile",0.85,71.7351521797935
"2022-12-05",11,"20","inc covid hosp","quantile",0.9,77.2245022228806
"2022-12-05",11,"20","inc covid hosp","quantile",0.95,86.4672395921259
"2022-12-05",11,"20","inc covid hosp","quantile",0.975,98.0622623606317
"2022-12-05",11,"20","inc covid hosp","quantile",0.99,107.956950826913
"2022-12-05",12,"20","inc covid hosp","quantile",0.01,21.474818847362
"2022-12-05",12,"20","inc covid hosp","quantile",0.025,27.0260405615235
"2022-12-05",12,"20","inc covid hosp","quantile",0.05,30.230877238086
"2022-12-05",12,"20","inc covid hosp","quantile",0.1,34.5319103607886
"2022-12-05",12,"20","inc covid hosp","quantile",0.15,37.7560588245819
"2022-12-05",12,"20","inc covid hosp","quantile",0.2,40.2074043069308
"2022-12-05",12,"20","inc covid hosp","quantile",0.25,42.699787795682
"2022-12-05",12,"20","inc covid hosp","quantile",0.3,45.0078057007771
"2022-12-05",12,"20","inc covid hosp","quantile",0.35,47.2559828368488
"2022-12-05",12,"20","inc covid hosp","quantile",0.4,49.3718421393299
"2022-12-05",12,"20","inc covid hosp","quantile",0.45,51.6532135579085
"2022-12-05",12,"20","inc covid hosp","quantile",0.5,53.3655748629212
"2022-12-05",12,"20","inc covid hosp","quantile",0.55,55.5824418737597
"2022-12-05",12,"20","inc covid hosp","quantile",0.6,57.8491763223529
"2022-12-05",12,"20","inc covid hosp","quantile",0.65,60.650844475011
"2022-12-05",12,"20","inc covid hosp","quantile",0.7,63.605259515291
"2022-12-05",12,"20","inc covid hosp","quantile",0.75,66.6037614568085
"2022-12-05",12,"20","inc covid hosp","quantile",0.8,70.0564094638448
"2022-12-05",12,"20","inc covid hosp","quantile",0.85,74.4357791102144
"2022-12-05",12,"20","inc covid hosp","quantile",0.9,80.9139490600808
"2022-12-05",12,"20","inc covid hosp","quantile",0.95,89.7988266089814
"2022-12-05",12,"20","inc covid hosp","quantile",0.975,97.3692960396855
"2022-12-05",12,"20","inc covid hosp","quantile",0.99,108.360340729096
"2022-12-05",13,"20","inc covid hosp","quantile",0.01,23.712857357542
"2022-12-05",13,"20","inc covid hosp","quantile",0.025,27.9656553203819
"2022-12-05",13,"20","inc covid hosp","quantile",0.05,32.2232058552732
"2022-12-05",13,"20","inc covid hosp","quantile",0.1,37.5135108880161
"2022-12-05",13,"20","inc covid hosp","quantile",0.15,40.8539516468105
"2022-12-05",13,"20","inc covid hosp","quantile",0.2,43.3941207188809
"2022-12-05",13,"20","inc covid hosp","quantile",0.25,46.082499975847
"2022-12-05",13,"20","inc covid hosp","quantile",0.3,48.8049482623147
"2022-12-05",13,"20","inc covid hosp","quantile",0.35,50.7148189300196
"2022-12-05",13,"20","inc covid hosp","quantile",0.4,53.4018163906164
"2022-12-05",13,"20","inc covid hosp","quantile",0.45,55.9080411985878
"2022-12-05",13,"20","inc covid hosp","quantile",0.5,58.9256169657654
"2022-12-05",13,"20","inc covid hosp","quantile",0.55,61.3535515270076
"2022-12-05",13,"20","inc covid hosp","quantile",0.6,64.3066418139729
"2022-12-05",13,"20","inc covid hosp","quantile",0.65,67.4095255996003
"2022-12-05",13,"20","inc covid hosp","quantile",0.7,70.5367932507336
"2022-12-05",13,"20","inc covid hosp","quantile",0.75,74.0119915841162
"2022-12-05",13,"20","inc covid hosp","quantile",0.8,77.8706175289097
"2022-12-05",13,"20","inc covid hosp","quantile",0.85,82.0188167668203
"2022-12-05",13,"20","inc covid hosp","quantile",0.9,88.1259165236638
"2022-12-05",13,"20","inc covid hosp","quantile",0.95,98.8055668764746
"2022-12-05",13,"20","inc covid hosp","quantile",0.975,107.234514917869
"2022-12-05",13,"20","inc covid hosp","quantile",0.99,124.308718732702
"2022-12-05",14,"20","inc covid hosp","quantile",0.01,24.7074332471462
"2022-12-05",14,"20","inc covid hosp","quantile",0.025,29.7088726418965
"2022-12-05",14,"20","inc covid hosp","quantile",0.05,34.4416460215257
"2022-12-05",14,"20","inc covid hosp","quantile",0.1,39.530987244065
"2022-12-05",14,"20","inc covid hosp","quantile",0.15,43.7659866494926
"2022-12-05",14,"20","inc covid hosp","quantile",0.2,46.7596935883029
"2022-12-05",14,"20","inc covid hosp","quantile",0.25,49.5830368861949
"2022-12-05",14,"20","inc covid hosp","quantile",0.3,52.6792083452557
"2022-12-05",14,"20","inc covid hosp","quantile",0.35,55.6029469851971
"2022-12-05",14,"20","inc covid hosp","quantile",0.4,58.2200996099749
"2022-12-05",14,"20","inc covid hosp","quantile",0.45,60.8373231695709
"2022-12-05",14,"20","inc covid hosp","quantile",0.5,63.3914395723832
"2022-12-05",14,"20","inc covid hosp","quantile",0.55,66.0796007286594
"2022-12-05",14,"20","inc covid hosp","quantile",0.6,69.3587581455951
"2022-12-05",14,"20","inc covid hosp","quantile",0.65,72.2486794574282
"2022-12-05",14,"20","inc covid hosp","quantile",0.7,75.3813822611041
"2022-12-05",14,"20","inc covid hosp","quantile",0.75,79.3097424285483
"2022-12-05",14,"20","inc covid hosp","quantile",0.8,83.4708333968077
"2022-12-05",14,"20","inc covid hosp","quantile",0.85,89.5398693738543
"2022-12-05",14,"20","inc covid hosp","quantile",0.9,96.5776589523282
"2022-12-05",14,"20","inc covid hosp","quantile",0.95,108.850143270682
"2022-12-05",14,"20","inc covid hosp","quantile",0.975,117.866987191552
"2022-12-05",14,"20","inc covid hosp","quantile",0.99,132.692158276587
"2022-12-05",2,"20","inc covid hosp","quantile",0.01,32.1362242265932
"2022-12-05",2,"20","inc covid hosp","quantile",0.025,35.0589146027291
"2022-12-05",2,"20","inc covid hosp","quantile",0.05,37.9212309397631
"2022-12-05",2,"20","inc covid hosp","quantile",0.1,42.0474668651668
"2022-12-05",2,"20","inc covid hosp","quantile",0.15,44.3682861173231
"2022-12-05",2,"20","inc covid hosp","quantile",0.2,46.6488772529001
"2022-12-05",2,"20","inc covid hosp","quantile",0.25,48.720884077656
"2022-12-05",2,"20","inc covid hosp","quantile",0.3,50.7051769173149
"2022-12-05",2,"20","inc covid hosp","quantile",0.35,52.3581556210353
"2022-12-05",2,"20","inc covid hosp","quantile",0.4,54.0128553406296
"2022-12-05",2,"20","inc covid hosp","quantile",0.45,55.484247247549
"2022-12-05",2,"20","inc covid hosp","quantile",0.5,57.1168450842935
"2022-12-05",2,"20","inc covid hosp","quantile",0.55,58.6409629198169
"2022-12-05",2,"20","inc covid hosp","quantile",0.6,60.3499306406078
"2022-12-05",2,"20","inc covid hosp","quantile",0.65,62.0536446700194
"2022-12-05",2,"20","inc covid hosp","quantile",0.7,64.0607593331812
"2022-12-05",2,"20","inc covid hosp","quantile",0.75,65.8945608735233
"2022-12-05",2,"20","inc covid hosp","quantile",0.8,68.2431251902332
"2022-12-05",2,"20","inc covid hosp","quantile",0.85,71.6497131446474
"2022-12-05",2,"20","inc covid hosp","quantile",0.9,75.7594070183229
"2022-12-05",2,"20","inc covid hosp","quantile",0.95,83.0023916645725
"2022-12-05",2,"20","inc covid hosp","quantile",0.975,88.025660880663
"2022-12-05",2,"20","inc covid hosp","quantile",0.99,94.4115581589904
"2022-12-05",3,"20","inc covid hosp","quantile",0.01,28.9651079613814
"2022-12-05",3,"20","inc covid hosp","quantile",0.025,33.1165133315275
"2022-12-05",3,"20","inc covid hosp","quantile",0.05,35.9027241621427
"2022-12-05",3,"20","inc covid hosp","quantile",0.1,40.0396557037032
"2022-12-05",3,"20","inc covid hosp","quantile",0.15,42.5457055622756
"2022-12-05",3,"20","inc covid hosp","quantile",0.2,44.5850643981316
"2022-12-05",3,"20","inc covid hosp","quantile",0.25,46.3729502733704
"2022-12-05",3,"20","inc covid hosp","quantile",0.3,48.1766689389776
"2022-12-05",3,"20","inc covid hosp","quantile",0.35,49.5928908351194
"2022-12-05",3,"20","inc covid hosp","quantile",0.4,51.3832396332364
"2022-12-05",3,"20","inc covid hosp","quantile",0.45,52.9187796241574
"2022-12-05",3,"20","inc covid hosp","quantile",0.5,54.3620996627826
"2022-12-05",3,"20","inc covid hosp","quantile",0.55,55.8813309836054
"2022-12-05",3,"20","inc covid hosp","quantile",0.6,57.3247816916328
"2022-12-05",3,"20","inc covid hosp","quantile",0.65,59.0255687264354
"2022-12-05",3,"20","inc covid hosp","quantile",0.7,60.977773415271
"2022-12-05",3,"20","inc covid hosp","quantile",0.75,62.8222827270633
"2022-12-05",3,"20","inc covid hosp","quantile",0.8,65.027883430728
"2022-12-05",3,"20","inc covid hosp","quantile",0.85,68.0415115927832
"2022-12-05",3,"20","inc covid hosp","quantile",0.9,72.5320141331205
"2022-12-05",3,"20","inc covid hosp","quantile",0.95,79.0024309160261
"2022-12-05",3,"20","inc covid hosp","quantile",0.975,83.848106609611
"2022-12-05",3,"20","inc covid hosp","quantile",0.99,90.3494746587644
"2022-12-05",4,"20","inc covid hosp","quantile",0.01,26.7153480411669
"2022-12-05",4,"20","inc covid hosp","quantile",0.025,29.9422308077832
"2022-12-05",4,"20","inc covid hosp","quantile",0.05,33.0588597772849
"2022-12-05",4,"20","inc covid hosp","quantile",0.1,37.2863741267908
"2022-12-05",4,"20","inc covid hosp","quantile",0.15,39.8204632080129
"2022-12-05",4,"20","inc covid hosp","quantile",0.2,42.1789268823497
"2022-12-05",4,"20","inc covid hosp","quantile",0.25,43.8637791091445
"2022-12-05",4,"20","inc covid hosp","quantile",0.3,45.6730018651716
"2022-12-05",4,"20","inc covid hosp","quantile",0.35,47.2774755658609
"2022-12-05",4,"20","inc covid hosp","quantile",0.4,49.0091462487516
"2022-12-05",4,"20","inc covid hosp","quantile",0.45,50.3654119005844
"2022-12-05",4,"20","inc covid hosp","quantile",0.5,52.2250410947973
"2022-12-05",4,"20","inc covid hosp","quantile",0.55,53.6646519456944
"2022-12-05",4,"20","inc covid hosp","quantile",0.6,55.0347529259243
"2022-12-05",4,"20","inc covid hosp","quantile",0.65,56.7299902879575
"2022-12-05",4,"20","inc covid hosp","quantile",0.7,58.4102535442653
"2022-12-05",4,"20","inc covid hosp","quantile",0.75,60.6675685956669
"2022-12-05",4,"20","inc covid hosp","quantile",0.8,63.1160725177536
"2022-12-05",4,"20","inc covid hosp","quantile",0.85,66.3558066721686
"2022-12-05",4,"20","inc covid hosp","quantile",0.9,69.9793174685571
"2022-12-05",4,"20","inc covid hosp","quantile",0.95,75.6428938442792
"2022-12-05",4,"20","inc covid hosp","quantile",0.975,80.615316079628
"2022-12-05",4,"20","inc covid hosp","quantile",0.99,86.6083145157096
"2022-12-05",5,"20","inc covid hosp","quantile",0.01,24.9379368943599
"2022-12-05",5,"20","inc covid hosp","quantile",0.025,27.199106497773
"2022-12-05",5,"20","inc covid hosp","quantile",0.05,29.3536995320606
"2022-12-05",5,"20","inc covid hosp","quantile",0.1,32.9907811923951
"2022-12-05",5,"20","inc covid hosp","quantile",0.15,34.9345748524358
"2022-12-05",5,"20","inc covid hosp","quantile",0.2,37.1764583249691
"2022-12-05",5,"20","inc covid hosp","quantile",0.25,39.1518895217484
"2022-12-05",5,"20","inc covid hosp","quantile",0.3,41.074194099365
"2022-12-05",5,"20","inc covid hosp","quantile",0.35,42.6822754042603
"2022-12-05",5,"20","inc covid hosp","quantile",0.4,44.3779538297906
"2022-12-05",5,"20","inc covid hosp","quantile",0.45,45.775648801644
"2022-12-05",5,"20","inc covid hosp","quantile",0.5,47.2957111104059
"2022-12-05",5,"20","inc covid hosp","quantile",0.55,48.867437669732
"2022-12-05",5,"20","inc covid hosp","quantile",0.6,50.3363403462458
"2022-12-05",5,"20","inc covid hosp","quantile",0.65,52.5893007638491
"2022-12-05",5,"20","inc covid hosp","quantile",0.7,54.4882745584707
"2022-12-05",5,"20","inc covid hosp","quantile",0.75,56.3188683169305
"2022-12-05",5,"20","inc covid hosp","quantile",0.8,58.9465384828193
"2022-12-05",5,"20","inc covid hosp","quantile",0.85,61.9785534359968
"2022-12-05",5,"20","inc covid hosp","quantile",0.9,65.5446952422395
"2022-12-05",5,"20","inc covid hosp","quantile",0.95,71.7990806871053
"2022-12-05",5,"20","inc covid hosp","quantile",0.975,77.1328454079552
"2022-12-05",5,"20","inc covid hosp","quantile",0.99,85.1869023093602
"2022-12-05",6,"20","inc covid hosp","quantile",0.01,26.7934261085705
"2022-12-05",6,"20","inc covid hosp","quantile",0.025,31.1014646914182
"2022-12-05",6,"20","inc covid hosp","quantile",0.05,33.9832167779681
"2022-12-05",6,"20","inc covid hosp","quantile",0.1,38.2643013280159
"2022-12-05",6,"20","inc covid hosp","quantile",0.15,41.0308985077165
"2022-12-05",6,"20","inc covid hosp","quantile",0.2,43.4012444152997
"2022-12-05",6,"20","inc covid hosp","quantile",0.25,45.9722388768742
"2022-12-05",6,"20","inc covid hosp","quantile",0.3,47.6272224225652
"2022-12-05",6,"20","inc covid hosp","quantile",0.35,49.4198358386338
"2022-12-05",6,"20","inc covid hosp","quantile",0.4,51.4754267662406
"2022-12-05",6,"20","inc covid hosp","quantile",0.45,53.2445216000339
"2022-12-05",6,"20","inc covid hosp","quantile",0.5,55.1244770492268
"2022-12-05",6,"20","inc covid hosp","quantile",0.55,56.9350014635113
"2022-12-05",6,"20","inc covid hosp","quantile",0.6,58.8365344682982
"2022-12-05",6,"20","inc covid hosp","quantile",0.65,61.0906571924045
"2022-12-05",6,"20","inc covid hosp","quantile",0.7,63.2215891453097
"2022-12-05",6,"20","inc covid hosp","quantile",0.75,65.442278040809
"2022-12-05",6,"20","inc covid hosp","quantile",0.8,68.2593097895169
"2022-12-05",6,"20","inc covid hosp","quantile",0.85,72.0047001482615
"2022-12-05",6,"20","inc covid hosp","quantile",0.9,77.1348888863936
"2022-12-05",6,"20","inc covid hosp","quantile",0.95,84.862168719245
"2022-12-05",6,"20","inc covid hosp","quantile",0.975,90.7827795363529
"2022-12-05",6,"20","inc covid hosp","quantile",0.99,101.39924983535
"2022-12-05",7,"20","inc covid hosp","quantile",0.01,29.9269497765627
"2022-12-05",7,"20","inc covid hosp","quantile",0.025,32.5238677278125
"2022-12-05",7,"20","inc covid hosp","quantile",0.05,36.2684580077923
"2022-12-05",7,"20","inc covid hosp","quantile",0.1,40.4435793969051
"2022-12-05",7,"20","inc covid hosp","quantile",0.15,43.7031693964522
"2022-12-05",7,"20","inc covid hosp","quantile",0.2,46.6982367730451
"2022-12-05",7,"20","inc covid hosp","quantile",0.25,49.0275113339931
"2022-12-05",7,"20","inc covid hosp","quantile",0.3,51.4214989396071
"2022-12-05",7,"20","inc covid hosp","quantile",0.35,53.450217552714
"2022-12-05",7,"20","inc covid hosp","quantile",0.4,55.4199253428543
"2022-12-05",7,"20","inc covid hosp","quantile",0.45,57.0596176164902
"2022-12-05",7,"20","inc covid hosp","quantile",0.5,59.0910444289279
"2022-12-05",7,"20","inc covid hosp","quantile",0.55,60.9484305374229
"2022-12-05",7,"20","inc covid hosp","quantile",0.6,62.7297828557291
"2022-12-05",7,"20","inc covid hosp","quantile",0.65,65.0296442117753
"2022-12-05",7,"20","inc covid hosp","quantile",0.7,67.3461426913073
"2022-12-05",7,"20","inc covid hosp","quantile",0.75,70.3396613098961
"2022-12-05",7,"20","inc covid hosp","quantile",0.8,73.66862365165
"2022-12-05",7,"20","inc covid hosp","quantile",0.85,77.3074770327957
"2022-12-05",7,"20","inc covid hosp","quantile",0.9,82.1253702408886
"2022-12-05",7,"20","inc covid hosp","quantile",0.95,89.6265923552592
"2022-12-05",7,"20","inc covid hosp","quantile",0.975,98.8844752198644
"2022-12-05",7,"20","inc covid hosp","quantile",0.99,108.100099651898
"2022-12-05",8,"20","inc covid hosp","quantile",0.01,31.7819602198201
"2022-12-05",8,"20","inc covid hosp","quantile",0.025,35.9150442464157
"2022-12-05",8,"20","inc covid hosp","quantile",0.05,39.844906200338
"2022-12-05",8,"20","inc covid hosp","quantile",0.1,44.3318309169377
"2022-12-05",8,"20","inc covid hosp","quantile",0.15,47.3722936252604
"2022-12-05",8,"20","inc covid hosp","quantile",0.2,50.6924133384862
"2022-12-05",8,"20","inc covid hosp","quantile",0.25,53.3409551847267
"2022-12-05",8,"20","inc covid hosp","quantile",0.3,55.7909220831767
"2022-12-05",8,"20","inc covid hosp","quantile",0.35,57.6572356467817
"2022-12-05",8,"20","inc covid hosp","quantile",0.4,59.706039058651
"2022-12-05",8,"20","inc covid hosp","quantile",0.45,61.6106512596827
"2022-12-05",8,"20","inc covid hosp","quantile",0.5,63.7010904579103
"2022-12-05",8,"20","inc covid hosp","quantile",0.55,65.9357195646226
"2022-12-05",8,"20","inc covid hosp","quantile",0.6,68.0323621299248
"2022-12-05",8,"20","inc covid hosp","quantile",0.65,70.6847417495309
"2022-12-05",8,"20","inc covid hosp","quantile",0.7,73.554860178581
"2022-12-05",8,"20","inc covid hosp","quantile",0.75,76.4396554296136
"2022-12-05",8,"20","inc covid hosp","quantile",0.8,79.6362092940188
"2022-12-05",8,"20","inc covid hosp","quantile",0.85,83.7522588232282
"2022-12-05",8,"20","inc covid hosp","quantile",0.9,88.7887165324693
"2022-12-05",8,"20","inc covid hosp","quantile",0.95,99.1910357089122
"2022-12-05",8,"20","inc covid hosp","quantile",0.975,105.622730416069
"2022-12-05",8,"20","inc covid hosp","quantile",0.99,113.674480624843
"2022-12-05",9,"20","inc covid hosp","quantile",0.01,26.0528504647392
"2022-12-05",9,"20","inc covid hosp","quantile",0.025,31.7519248201874
"2022-12-05",9,"20","inc covid hosp","quantile",0.05,35.6998600454903
"2022-12-05",9,"20","inc covid hosp","quantile",0.1,39.8391866139339
"2022-12-05",9,"20","inc covid hosp","quantile",0.15,44.1127609292384
"2022-12-05",9,"20","inc covid hosp","quantile",0.2,47.5790256430409
"2022-12-05",9,"20","inc covid hosp","quantile",0.25,50.0988332966045
"2022-12-05",9,"20","inc covid hosp","quantile",0.3,52.3760152197256
"2022-12-05",9,"20","inc covid hosp","quantile",0.35,54.9495688046418
"2022-12-05",9,"20","inc covid hosp","quantile",0.4,57.1069248021975
"2022-12-05",9,"20","inc covid hosp","quantile",0.45,59.181938933321
"2022-12-05",9,"20","inc covid hosp","quantile",0.5,61.0353981875157
"2022-12-05",9,"20","inc covid hosp","quantile",0.55,63.6103338292718
"2022-12-05",9,"20","inc covid hosp","quantile",0.6,65.7148498989377
"2022-12-05",9,"20","inc covid hosp","quantile",0.65,68.1030001854504
"2022-12-05",9,"20","inc covid hosp","quantile",0.7,70.4524105105689
"2022-12-05",9,"20","inc covid hosp","quantile",0.75,73.4138669385678
"2022-12-05",9,"20","inc covid hosp","quantile",0.8,76.4720100418291
"2022-12-05",9,"20","inc covid hosp","quantile",0.85,80.1924019981717
"2022-12-05",9,"20","inc covid hosp","quantile",0.9,85.7436353336618
"2022-12-05",9,"20","inc covid hosp","quantile",0.95,95.1481332613973
"2022-12-05",9,"20","inc covid hosp","quantile",0.975,103.403723552682
"2022-12-05",9,"20","inc covid hosp","quantile",0.99,114.5758620202
"2022-12-05",1,"25","inc covid hosp","quantile",0.01,84.6380124608478
"2022-12-05",1,"25","inc covid hosp","quantile",0.025,90.9243410194274
"2022-12-05",1,"25","inc covid hosp","quantile",0.05,95.4603173332437
"2022-12-05",1,"25","inc covid hosp","quantile",0.1,101.06409272033
"2022-12-05",1,"25","inc covid hosp","quantile",0.15,105.606914717042
"2022-12-05",1,"25","inc covid hosp","quantile",0.2,109.573365401084
"2022-12-05",1,"25","inc covid hosp","quantile",0.25,112.759510119622
"2022-12-05",1,"25","inc covid hosp","quantile",0.3,115.507737777884
"2022-12-05",1,"25","inc covid hosp","quantile",0.35,118.484521253617
"2022-12-05",1,"25","inc covid hosp","quantile",0.4,120.909141701997
"2022-12-05",1,"25","inc covid hosp","quantile",0.45,122.806286019693
"2022-12-05",1,"25","inc covid hosp","quantile",0.5,125.206343640613
"2022-12-05",1,"25","inc covid hosp","quantile",0.55,127.637389189598
"2022-12-05",1,"25","inc covid hosp","quantile",0.6,130.182541846744
"2022-12-05",1,"25","inc covid hosp","quantile",0.65,132.850660235686
"2022-12-05",1,"25","inc covid hosp","quantile",0.7,135.208392385692
"2022-12-05",1,"25","inc covid hosp","quantile",0.75,138.385982491238
"2022-12-05",1,"25","inc covid hosp","quantile",0.8,142.881873255798
"2022-12-05",1,"25","inc covid hosp","quantile",0.85,147.3646227495
"2022-12-05",1,"25","inc covid hosp","quantile",0.9,153.58297311101
"2022-12-05",1,"25","inc covid hosp","quantile",0.95,162.186486626071
"2022-12-05",1,"25","inc covid hosp","quantile",0.975,170.105292581784
"2022-12-05",1,"25","inc covid hosp","quantile",0.99,177.010714308636
"2022-12-05",10,"25","inc covid hosp","quantile",0.01,64.2225651950725
"2022-12-05",10,"25","inc covid hosp","quantile",0.025,75.2088141332885
"2022-12-05",10,"25","inc covid hosp","quantile",0.05,83.9726008267402
"2022-12-05",10,"25","inc covid hosp","quantile",0.1,93.5154550531511
"2022-12-05",10,"25","inc covid hosp","quantile",0.15,100.724372946381
"2022-12-05",10,"25","inc covid hosp","quantile",0.2,105.372322028775
"2022-12-05",10,"25","inc covid hosp","quantile",0.25,109.887708502865
"2022-12-05",10,"25","inc covid hosp","quantile",0.3,114.448046647916
"2022-12-05",10,"25","inc covid hosp","quantile",0.35,118.572479749073
"2022-12-05",10,"25","inc covid hosp","quantile",0.4,123.063586248849
"2022-12-05",10,"25","inc covid hosp","quantile",0.45,127.254521061874
"2022-12-05",10,"25","inc covid hosp","quantile",0.5,132.24579223892
"2022-12-05",10,"25","inc covid hosp","quantile",0.55,136.626581698353
"2022-12-05",10,"25","inc covid hosp","quantile",0.6,141.119214619133
"2022-12-05",10,"25","inc covid hosp","quantile",0.65,146.327999043289
"2022-12-05",10,"25","inc covid hosp","quantile",0.7,151.368552194242
"2022-12-05",10,"25","inc covid hosp","quantile",0.75,156.368821059252
"2022-12-05",10,"25","inc covid hosp","quantile",0.8,164.006069201468
"2022-12-05",10,"25","inc covid hosp","quantile",0.85,173.188640415136
"2022-12-05",10,"25","inc covid hosp","quantile",0.9,183.492233619348
"2022-12-05",10,"25","inc covid hosp","quantile",0.95,200.836633199131
"2022-12-05",10,"25","inc covid hosp","quantile",0.975,216.562967560914
"2022-12-05",10,"25","inc covid hosp","quantile",0.99,239.393943631385
"2022-12-05",11,"25","inc covid hosp","quantile",0.01,62.110236372332
"2022-12-05",11,"25","inc covid hosp","quantile",0.025,71.4765862921344
"2022-12-05",11,"25","inc covid hosp","quantile",0.05,81.0589860380852
"2022-12-05",11,"25","inc covid hosp","quantile",0.1,92.4323485304866
"2022-12-05",11,"25","inc covid hosp","quantile",0.15,99.1718655693677
"2022-12-05",11,"25","inc covid hosp","quantile",0.2,105.708273508641
"2022-12-05",11,"25","inc covid hosp","quantile",0.25,111.202442582967
"2022-12-05",11,"25","inc covid hosp","quantile",0.3,115.444766081487
"2022-12-05",11,"25","inc covid hosp","quantile",0.35,119.494125192301
"2022-12-05",11,"25","inc covid hosp","quantile",0.4,123.667786038438
"2022-12-05",11,"25","inc covid hosp","quantile",0.45,128.033254183126
"2022-12-05",11,"25","inc covid hosp","quantile",0.5,132.117748296914
"2022-12-05",11,"25","inc covid hosp","quantile",0.55,136.237325033466
"2022-12-05",11,"25","inc covid hosp","quantile",0.6,140.997136269754
"2022-12-05",11,"25","inc covid hosp","quantile",0.65,145.785651451447
"2022-12-05",11,"25","inc covid hosp","quantile",0.7,150.235644209215
"2022-12-05",11,"25","inc covid hosp","quantile",0.75,156.282356735022
"2022-12-05",11,"25","inc covid hosp","quantile",0.8,164.461871536518
"2022-12-05",11,"25","inc covid hosp","quantile",0.85,173.142929539219
"2022-12-05",11,"25","inc covid hosp","quantile",0.9,184.255773603316
"2022-12-05",11,"25","inc covid hosp","quantile",0.95,205.7042589341
"2022-12-05",11,"25","inc covid hosp","quantile",0.975,223.868584050167
"2022-12-05",11,"25","inc covid hosp","quantile",0.99,246.636972299301
"2022-12-05",12,"25","inc covid hosp","quantile",0.01,60.7388045949316
"2022-12-05",12,"25","inc covid hosp","quantile",0.025,69.1039080134907
"2022-12-05",12,"25","inc covid hosp","quantile",0.05,78.5677632256653
"2022-12-05",12,"25","inc covid hosp","quantile",0.1,88.1263754740014
"2022-12-05",12,"25","inc covid hosp","quantile",0.15,95.489336586984
"2022-12-05",12,"25","inc covid hosp","quantile",0.2,101.826728888873
"2022-12-05",12,"25","inc covid hosp","quantile",0.25,107.349176499116
"2022-12-05",12,"25","inc covid hosp","quantile",0.3,112.394345887349
"2022-12-05",12,"25","inc covid hosp","quantile",0.35,116.991400096129
"2022-12-05",12,"25","inc covid hosp","quantile",0.4,121.495596308203
"2022-12-05",12,"25","inc covid hosp","quantile",0.45,126.430459132134
"2022-12-05",12,"25","inc covid hosp","quantile",0.5,130.865768792095
"2022-12-05",12,"25","inc covid hosp","quantile",0.55,135.740377733694
"2022-12-05",12,"25","inc covid hosp","quantile",0.6,140.154648830112
"2022-12-05",12,"25","inc covid hosp","quantile",0.65,144.680538666498
"2022-12-05",12,"25","inc covid hosp","quantile",0.7,149.986008745683
"2022-12-05",12,"25","inc covid hosp","quantile",0.75,156.575538025703
"2022-12-05",12,"25","inc covid hosp","quantile",0.8,164.232106865918
"2022-12-05",12,"25","inc covid hosp","quantile",0.85,175.153637443346
"2022-12-05",12,"25","inc covid hosp","quantile",0.9,184.982520904655
"2022-12-05",12,"25","inc covid hosp","quantile",0.95,205.452068137868
"2022-12-05",12,"25","inc covid hosp","quantile",0.975,225.382126506344
"2022-12-05",12,"25","inc covid hosp","quantile",0.99,246.568075353311
"2022-12-05",13,"25","inc covid hosp","quantile",0.01,65.7428774136502
"2022-12-05",13,"25","inc covid hosp","quantile",0.025,75.0646195231793
"2022-12-05",13,"25","inc covid hosp","quantile",0.05,84.1084089540673
"2022-12-05",13,"25","inc covid hosp","quantile",0.1,95.8924485369151
"2022-12-05",13,"25","inc covid hosp","quantile",0.15,103.081355751235
"2022-12-05",13,"25","inc covid hosp","quantile",0.2,108.992422425666
"2022-12-05",13,"25","inc covid hosp","quantile",0.25,114.982016897837
"2022-12-05",13,"25","inc covid hosp","quantile",0.3,120.834577340305
"2022-12-05",13,"25","inc covid hosp","quantile",0.35,126.291973657025
"2022-12-05",13,"25","inc covid hosp","quantile",0.4,131.782364988289
"2022-12-05",13,"25","inc covid hosp","quantile",0.45,136.787578750734
"2022-12-05",13,"25","inc covid hosp","quantile",0.5,142.223092874377
"2022-12-05",13,"25","inc covid hosp","quantile",0.55,148.628609853058
"2022-12-05",13,"25","inc covid hosp","quantile",0.6,154.65534929046
"2022-12-05",13,"25","inc covid hosp","quantile",0.65,160.308685190933
"2022-12-05",13,"25","inc covid hosp","quantile",0.7,167.572086926661
"2022-12-05",13,"25","inc covid hosp","quantile",0.75,173.289845968938
"2022-12-05",13,"25","inc covid hosp","quantile",0.8,181.51660402432
"2022-12-05",13,"25","inc covid hosp","quantile",0.85,192.532839668523
"2022-12-05",13,"25","inc covid hosp","quantile",0.9,205.772245162802
"2022-12-05",13,"25","inc covid hosp","quantile",0.95,228.384081036235
"2022-12-05",13,"25","inc covid hosp","quantile",0.975,248.43843292353
"2022-12-05",13,"25","inc covid hosp","quantile",0.99,270.14849159955
"2022-12-05",14,"25","inc covid hosp","quantile",0.01,65.2605642207815
"2022-12-05",14,"25","inc covid hosp","quantile",0.025,75.5994990833119
"2022-12-05",14,"25","inc covid hosp","quantile",0.05,85.8631146312351
"2022-12-05",14,"25","inc covid hosp","quantile",0.1,99.9679203132293
"2022-12-05",14,"25","inc covid hosp","quantile",0.15,107.570948360175
"2022-12-05",14,"25","inc covid hosp","quantile",0.2,115.436836744438
"2022-12-05",14,"25","inc covid hosp","quantile",0.25,120.927206918205
"2022-12-05",14,"25","inc covid hosp","quantile",0.3,126.20689894901
"2022-12-05",14,"25","inc covid hosp","quantile",0.35,132.039874943707
"2022-12-05",14,"25","inc covid hosp","quantile",0.4,137.772483057169
"2022-12-05",14,"25","inc covid hosp","quantile",0.45,142.948039323483
"2022-12-05",14,"25","inc covid hosp","quantile",0.5,149.607642851248
"2022-12-05",14,"25","inc covid hosp","quantile",0.55,156.257439365421
"2022-12-05",14,"25","inc covid hosp","quantile",0.6,161.725297551091
"2022-12-05",14,"25","inc covid hosp","quantile",0.65,168.113407866347
"2022-12-05",14,"25","inc covid hosp","quantile",0.7,175.553709697675
"2022-12-05",14,"25","inc covid hosp","quantile",0.75,183.329437974273
"2022-12-05",14,"25","inc covid hosp","quantile",0.8,193.593247688453
"2022-12-05",14,"25","inc covid hosp","quantile",0.85,203.859793087592
"2022-12-05",14,"25","inc covid hosp","quantile",0.9,219.669081066919
"2022-12-05",14,"25","inc covid hosp","quantile",0.95,244.699704903468
"2022-12-05",14,"25","inc covid hosp","quantile",0.975,269.169650949715
"2022-12-05",14,"25","inc covid hosp","quantile",0.99,298.841156730441
"2022-12-05",2,"25","inc covid hosp","quantile",0.01,76.8169879952833
"2022-12-05",2,"25","inc covid hosp","quantile",0.025,80.344932002732
"2022-12-05",2,"25","inc covid hosp","quantile",0.05,85.743611334165
"2022-12-05",2,"25","inc covid hosp","quantile",0.1,92.7815002346274
"2022-12-05",2,"25","inc covid hosp","quantile",0.15,97.281024337194
"2022-12-05",2,"25","inc covid hosp","quantile",0.2,101.018279138115
"2022-12-05",2,"25","inc covid hosp","quantile",0.25,103.90341819476
"2022-12-05",2,"25","inc covid hosp","quantile",0.3,107.03421757037
"2022-12-05",2,"25","inc covid hosp","quantile",0.35,109.905796519872
"2022-12-05",2,"25","inc covid hosp","quantile",0.4,112.324582839687
"2022-12-05",2,"25","inc covid hosp","quantile",0.45,114.887998730785
"2022-12-05",2,"25","inc covid hosp","quantile",0.5,117.113769309745
"2022-12-05",2,"25","inc covid hosp","quantile",0.55,119.863295175617
"2022-12-05",2,"25","inc covid hosp","quantile",0.6,122.632588717298
"2022-12-05",2,"25","inc covid hosp","quantile",0.65,125.590846236367
"2022-12-05",2,"25","inc covid hosp","quantile",0.7,128.63829061822
"2022-12-05",2,"25","inc covid hosp","quantile",0.75,131.562970983447
"2022-12-05",2,"25","inc covid hosp","quantile",0.8,135.307722522489
"2022-12-05",2,"25","inc covid hosp","quantile",0.85,140.930204834735
"2022-12-05",2,"25","inc covid hosp","quantile",0.9,147.624888725724
"2022-12-05",2,"25","inc covid hosp","quantile",0.95,157.880808131249
"2022-12-05",2,"25","inc covid hosp","quantile",0.975,165.955363052916
"2022-12-05",2,"25","inc covid hosp","quantile",0.99,176.146288968022
"2022-12-05",3,"25","inc covid hosp","quantile",0.01,78.9796269025163
"2022-12-05",3,"25","inc covid hosp","quantile",0.025,85.8128957704767
"2022-12-05",3,"25","inc covid hosp","quantile",0.05,92.4476223949219
"2022-12-05",3,"25","inc covid hosp","quantile",0.1,99.4854599422353
"2022-12-05",3,"25","inc covid hosp","quantile",0.15,103.829125799347
"2022-12-05",3,"25","inc covid hosp","quantile",0.2,107.395185017885
"2022-12-05",3,"25","inc covid hosp","quantile",0.25,111.534668699985
"2022-12-05",3,"25","inc covid hosp","quantile",0.3,114.46189556517
"2022-12-05",3,"25","inc covid hosp","quantile",0.35,117.001769734824
"2022-12-05",3,"25","inc covid hosp","quantile",0.4,119.322407451098
"2022-12-05",3,"25","inc covid hosp","quantile",0.45,122.206082326755
"2022-12-05",3,"25","inc covid hosp","quantile",0.5,124.37866439505
"2022-12-05",3,"25","inc covid hosp","quantile",0.55,127.307497175914
"2022-12-05",3,"25","inc covid hosp","quantile",0.6,130.046641694574
"2022-12-05",3,"25","inc covid hosp","quantile",0.65,133.555685154949
"2022-12-05",3,"25","inc covid hosp","quantile",0.7,137.052742379495
"2022-12-05",3,"25","inc covid hosp","quantile",0.75,140.420923946433
"2022-12-05",3,"25","inc covid hosp","quantile",0.8,144.447932318038
"2022-12-05",3,"25","inc covid hosp","quantile",0.85,148.911674573364
"2022-12-05",3,"25","inc covid hosp","quantile",0.9,156.98678472528
"2022-12-05",3,"25","inc covid hosp","quantile",0.95,166.564185242164
"2022-12-05",3,"25","inc covid hosp","quantile",0.975,175.342675163858
"2022-12-05",3,"25","inc covid hosp","quantile",0.99,185.624948224941
"2022-12-05",4,"25","inc covid hosp","quantile",0.01,73.3334365257068
"2022-12-05",4,"25","inc covid hosp","quantile",0.025,81.8225544716971
"2022-12-05",4,"25","inc covid hosp","quantile",0.05,88.0046413961336
"2022-12-05",4,"25","inc covid hosp","quantile",0.1,94.167069821557
"2022-12-05",4,"25","inc covid hosp","quantile",0.15,99.2129144009947
"2022-12-05",4,"25","inc covid hosp","quantile",0.2,103.510471292578
"2022-12-05",4,"25","inc covid hosp","quantile",0.25,107.09304239727
"2022-12-05",4,"25","inc covid hosp","quantile",0.3,109.802676109846
"2022-12-05",4,"25","inc covid hosp","quantile",0.35,113.371160018672
"2022-12-05",4,"25","inc covid hosp","quantile",0.4,116.624620293785
"2022-12-05",4,"25","inc covid hosp","quantile",0.45,119.366309258277
"2022-12-05",4,"25","inc covid hosp","quantile",0.5,122.182846875494
"2022-12-05",4,"25","inc covid hosp","quantile",0.55,125.179224042565
"2022-12-05",4,"25","inc covid hosp","quantile",0.6,127.53590078265
"2022-12-05",4,"25","inc covid hosp","quantile",0.65,130.399879055258
"2022-12-05",4,"25","inc covid hosp","quantile",0.7,133.704167855716
"2022-12-05",4,"25","inc covid hosp","quantile",0.75,137.688446504417
"2022-12-05",4,"25","inc covid hosp","quantile",0.8,141.289707074199
"2022-12-05",4,"25","inc covid hosp","quantile",0.85,147.499912826259
"2022-12-05",4,"25","inc covid hosp","quantile",0.9,154.442079251356
"2022-12-05",4,"25","inc covid hosp","quantile",0.95,164.344329929744
"2022-12-05",4,"25","inc covid hosp","quantile",0.975,172.692477791482
"2022-12-05",4,"25","inc covid hosp","quantile",0.99,180.905573115587
"2022-12-05",5,"25","inc covid hosp","quantile",0.01,75.2544897604033
"2022-12-05",5,"25","inc covid hosp","quantile",0.025,79.2734210211379
"2022-12-05",5,"25","inc covid hosp","quantile",0.05,83.648297268156
"2022-12-05",5,"25","inc covid hosp","quantile",0.1,90.0634072205041
"2022-12-05",5,"25","inc covid hosp","quantile",0.15,95.1060173731978
"2022-12-05",5,"25","inc covid hosp","quantile",0.2,99.6594411248388
"2022-12-05",5,"25","inc covid hosp","quantile",0.25,103.13238763505
"2022-12-05",5,"25","inc covid hosp","quantile",0.3,106.495743238446
"2022-12-05",5,"25","inc covid hosp","quantile",0.35,109.671148781029
"2022-12-05",5,"25","inc covid hosp","quantile",0.4,113.28421133154
"2022-12-05",5,"25","inc covid hosp","quantile",0.45,116.93764403046
"2022-12-05",5,"25","inc covid hosp","quantile",0.5,120.094279380803
"2022-12-05",5,"25","inc covid hosp","quantile",0.55,123.024095471766
"2022-12-05",5,"25","inc covid hosp","quantile",0.6,126.080407926234
"2022-12-05",5,"25","inc covid hosp","quantile",0.65,129.052497313312
"2022-12-05",5,"25","inc covid hosp","quantile",0.7,132.566562084608
"2022-12-05",5,"25","inc covid hosp","quantile",0.75,136.493804844712
"2022-12-05",5,"25","inc covid hosp","quantile",0.8,139.958577576885
"2022-12-05",5,"25","inc covid hosp","quantile",0.85,144.180983448401
"2022-12-05",5,"25","inc covid hosp","quantile",0.9,152.114326453566
"2022-12-05",5,"25","inc covid hosp","quantile",0.95,163.236145404828
"2022-12-05",5,"25","inc covid hosp","quantile",0.975,173.542562826829
"2022-12-05",5,"25","inc covid hosp","quantile",0.99,187.02273871105
"2022-12-05",6,"25","inc covid hosp","quantile",0.01,74.4674913292597
"2022-12-05",6,"25","inc covid hosp","quantile",0.025,82.5982475892279
"2022-12-05",6,"25","inc covid hosp","quantile",0.05,88.6570170127968
"2022-12-05",6,"25","inc covid hosp","quantile",0.1,95.8277435690289
"2022-12-05",6,"25","inc covid hosp","quantile",0.15,101.50421262529
"2022-12-05",6,"25","inc covid hosp","quantile",0.2,106.152161913096
"2022-12-05",6,"25","inc covid hosp","quantile",0.25,110.467850163744
"2022-12-05",6,"25","inc covid hosp","quantile",0.3,114.154049458401
"2022-12-05",6,"25","inc covid hosp","quantile",0.35,117.306899670829
"2022-12-05",6,"25","inc covid hosp","quantile",0.4,120.753183420607
"2022-12-05",6,"25","inc covid hosp","quantile",0.45,124.01250986865
"2022-12-05",6,"25","inc covid hosp","quantile",0.5,127.748936651394
"2022-12-05",6,"25","inc covid hosp","quantile",0.55,130.82615599993
"2022-12-05",6,"25","inc covid hosp","quantile",0.6,134.364817080939
"2022-12-05",6,"25","inc covid hosp","quantile",0.65,137.773949497695
"2022-12-05",6,"25","inc covid hosp","quantile",0.7,141.614853029841
"2022-12-05",6,"25","inc covid hosp","quantile",0.75,146.596335269603
"2022-12-05",6,"25","inc covid hosp","quantile",0.8,152.836343513634
"2022-12-05",6,"25","inc covid hosp","quantile",0.85,159.909693406862
"2022-12-05",6,"25","inc covid hosp","quantile",0.9,168.328996192015
"2022-12-05",6,"25","inc covid hosp","quantile",0.95,182.15300264923
"2022-12-05",6,"25","inc covid hosp","quantile",0.975,193.579216775639
"2022-12-05",6,"25","inc covid hosp","quantile",0.99,210.326343571575
"2022-12-05",7,"25","inc covid hosp","quantile",0.01,79.7405796737486
"2022-12-05",7,"25","inc covid hosp","quantile",0.025,86.9011257968285
"2022-12-05",7,"25","inc covid hosp","quantile",0.05,93.8857987640439
"2022-12-05",7,"25","inc covid hosp","quantile",0.1,102.346616667418
"2022-12-05",7,"25","inc covid hosp","quantile",0.15,109.096616116509
"2022-12-05",7,"25","inc covid hosp","quantile",0.2,114.095024970458
"2022-12-05",7,"25","inc covid hosp","quantile",0.25,119.167033568545
"2022-12-05",7,"25","inc covid hosp","quantile",0.3,122.932009210184
"2022-12-05",7,"25","inc covid hosp","quantile",0.35,126.610170093704
"2022-12-05",7,"25","inc covid hosp","quantile",0.4,130.239285022391
"2022-12-05",7,"25","inc covid hosp","quantile",0.45,134.365363478446
"2022-12-05",7,"25","inc covid hosp","quantile",0.5,137.729275339153
"2022-12-05",7,"25","inc covid hosp","quantile",0.55,141.532120230839
"2022-12-05",7,"25","inc covid hosp","quantile",0.6,145.308849375835
"2022-12-05",7,"25","inc covid hosp","quantile",0.65,149.157838564015
"2022-12-05",7,"25","inc covid hosp","quantile",0.7,153.714253944711
"2022-12-05",7,"25","inc covid hosp","quantile",0.75,159.335124795138
"2022-12-05",7,"25","inc covid hosp","quantile",0.8,165.66978798527
"2022-12-05",7,"25","inc covid hosp","quantile",0.85,173.628493283721
"2022-12-05",7,"25","inc covid hosp","quantile",0.9,182.126414864394
"2022-12-05",7,"25","inc covid hosp","quantile",0.95,196.677765141128
"2022-12-05",7,"25","inc covid hosp","quantile",0.975,212.965712742176
"2022-12-05",7,"25","inc covid hosp","quantile",0.99,233.053806277722
"2022-12-05",8,"25","inc covid hosp","quantile",0.01,78.1888749259149
"2022-12-05",8,"25","inc covid hosp","quantile",0.025,85.9258112801657
"2022-12-05",8,"25","inc covid hosp","quantile",0.05,92.8298605222129
"2022-12-05",8,"25","inc covid hosp","quantile",0.1,102.256538724791
"2022-12-05",8,"25","inc covid hosp","quantile",0.15,109.210860440285
"2022-12-05",8,"25","inc covid hosp","quantile",0.2,114.152856832866
"2022-12-05",8,"25","inc covid hosp","quantile",0.25,118.532133017701
"2022-12-05",8,"25","inc covid hosp","quantile",0.3,123.356109397571
"2022-12-05",8,"25","inc covid hosp","quantile",0.35,127.304566759813
"2022-12-05",8,"25","inc covid hosp","quantile",0.4,131.682032438022
"2022-12-05",8,"25","inc covid hosp","quantile",0.45,136.013666663121
"2022-12-05",8,"25","inc covid hosp","quantile",0.5,139.580248245892
"2022-12-05",8,"25","inc covid hosp","quantile",0.55,143.472557718191
"2022-12-05",8,"25","inc covid hosp","quantile",0.6,148.098784623921
"2022-12-05",8,"25","inc covid hosp","quantile",0.65,152.210237703107
"2022-12-05",8,"25","inc covid hosp","quantile",0.7,156.814966948142
"2022-12-05",8,"25","inc covid hosp","quantile",0.75,162.565909573727
"2022-12-05",8,"25","inc covid hosp","quantile",0.8,168.526309780626
"2022-12-05",8,"25","inc covid hosp","quantile",0.85,175.930995943503
"2022-12-05",8,"25","inc covid hosp","quantile",0.9,186.705666374264
"2022-12-05",8,"25","inc covid hosp","quantile",0.95,200.306967780994
"2022-12-05",8,"25","inc covid hosp","quantile",0.975,210.109996780436
"2022-12-05",8,"25","inc covid hosp","quantile",0.99,227.495634500095
"2022-12-05",9,"25","inc covid hosp","quantile",0.01,65.6681267838164
"2022-12-05",9,"25","inc covid hosp","quantile",0.025,74.8363690515339
"2022-12-05",9,"25","inc covid hosp","quantile",0.05,83.0052110253426
"2022-12-05",9,"25","inc covid hosp","quantile",0.1,93.56929492716
"2022-12-05",9,"25","inc covid hosp","quantile",0.15,101.227850312595
"2022-12-05",9,"25","inc covid hosp","quantile",0.2,107.283430705603
"2022-12-05",9,"25","inc covid hosp","quantile",0.25,111.938688573592
"2022-12-05",9,"25","inc covid hosp","quantile",0.3,116.070147607198
"2022-12-05",9,"25","inc covid hosp","quantile",0.35,120.315855072832
"2022-12-05",9,"25","inc covid hosp","quantile",0.4,124.37601334008
"2022-12-05",9,"25","inc covid hosp","quantile",0.45,128.493460358831
"2022-12-05",9,"25","inc covid hosp","quantile",0.5,132.72997848655
"2022-12-05",9,"25","inc covid hosp","quantile",0.55,136.958515513245
"2022-12-05",9,"25","inc covid hosp","quantile",0.6,140.769774926532
"2022-12-05",9,"25","inc covid hosp","quantile",0.65,145.444023189064
"2022-12-05",9,"25","inc covid hosp","quantile",0.7,150.789964890481
"2022-12-05",9,"25","inc covid hosp","quantile",0.75,156.325347537336
"2022-12-05",9,"25","inc covid hosp","quantile",0.8,161.899015805571
"2022-12-05",9,"25","inc covid hosp","quantile",0.85,169.697587606196
"2022-12-05",9,"25","inc covid hosp","quantile",0.9,178.84214023486
"2022-12-05",9,"25","inc covid hosp","quantile",0.95,198.733676141233
"2022-12-05",9,"25","inc covid hosp","quantile",0.975,214.994115914426
"2022-12-05",9,"25","inc covid hosp","quantile",0.99,232.764483210758
"2022-12-05",1,"US","inc covid hosp","quantile",0.01,5341.92294232929
"2022-12-05",1,"US","inc covid hosp","quantile",0.025,5443.26418336849
"2022-12-05",1,"US","inc covid hosp","quantile",0.05,5545.56091474038
"2022-12-05",1,"US","inc covid hosp","quantile",0.1,5679.13866205746
"2022-12-05",1,"US","inc covid hosp","quantile",0.15,5776.2046118243
"2022-12-05",1,"US","inc covid hosp","quantile",0.2,5854.62947646024
"2022-12-05",1,"US","inc covid hosp","quantile",0.25,5913.82383230094
"2022-12-05",1,"US","inc covid hosp","quantile",0.3,5970.63775580788
"2022-12-05",1,"US","inc covid hosp","quantile",0.35,6025.18156240896
"2022-12-05",1,"US","inc covid hosp","quantile",0.4,6078.8872892126
"2022-12-05",1,"US","inc covid hosp","quantile",0.45,6122.1110365156
"2022-12-05",1,"US","inc covid hosp","quantile",0.5,6171.41854078
"2022-12-05",1,"US","inc covid hosp","quantile",0.55,6216.90479600207
"2022-12-05",1,"US","inc covid hosp","quantile",0.6,6263.96764916126
"2022-12-05",1,"US","inc covid hosp","quantile",0.65,6316.94049264203
"2022-12-05",1,"US","inc covid hosp","quantile",0.7,6371.91534288893
"2022-12-05",1,"US","inc covid hosp","quantile",0.75,6424.87860321293
"2022-12-05",1,"US","inc covid hosp","quantile",0.8,6495.9068680116
"2022-12-05",1,"US","inc covid hosp","quantile",0.85,6577.06107720378
"2022-12-05",1,"US","inc covid hosp","quantile",0.9,6679.20864961741
"2022-12-05",1,"US","inc covid hosp","quantile",0.95,6847.00835572
"2022-12-05",1,"US","inc covid hosp","quantile",0.975,6973.25978960328
"2022-12-05",1,"US","inc covid hosp","quantile",0.99,7117.20884584093
"2022-12-05",10,"US","inc covid hosp","quantile",0.01,4291.87514142605
"2022-12-05",10,"US","inc covid hosp","quantile",0.025,4642.80170378583
"2022-12-05",10,"US","inc covid hosp","quantile",0.05,4961.07086980467
"2022-12-05",10,"US","inc covid hosp","quantile",0.1,5284.31182914457
"2022-12-05",10,"US","inc covid hosp","quantile",0.15,5528.2464718343
"2022-12-05",10,"US","inc covid hosp","quantile",0.2,5710.4421726279
"2022-12-05",10,"US","inc covid hosp","quantile",0.25,5863.6112653462
"2022-12-05",10,"US","inc covid hosp","quantile",0.3,6047.80377458899
"2022-12-05",10,"US","inc covid hosp","quantile",0.35,6185.06607703826
"2022-12-05",10,"US","inc covid hosp","quantile",0.4,6311.66760367783
"2022-12-05",10,"US","inc covid hosp","quantile",0.45,6447.32766382117
"2022-12-05",10,"US","inc covid hosp","quantile",0.5,6562.91271683929
"2022-12-05",10,"US","inc covid hosp","quantile",0.55,6700.29732854309
"2022-12-05",10,"US","inc covid hosp","quantile",0.6,6830.46090265127
"2022-12-05",10,"US","inc covid hosp","quantile",0.65,6996.52895414967
"2022-12-05",10,"US","inc covid hosp","quantile",0.7,7174.29131400343
"2022-12-05",10,"US","inc covid hosp","quantile",0.75,7365.95625501971
"2022-12-05",10,"US","inc covid hosp","quantile",0.8,7528.28137944549
"2022-12-05",10,"US","inc covid hosp","quantile",0.85,7768.60605888274
"2022-12-05",10,"US","inc covid hosp","quantile",0.9,8055.79435903869
"2022-12-05",10,"US","inc covid hosp","quantile",0.95,8537.48905579689
"2022-12-05",10,"US","inc covid hosp","quantile",0.975,8945.27992565598
"2022-12-05",10,"US","inc covid hosp","quantile",0.99,9407.21869472774
"2022-12-05",11,"US","inc covid hosp","quantile",0.01,4179.90270042115
"2022-12-05",11,"US","inc covid hosp","quantile",0.025,4579.2627355293
"2022-12-05",11,"US","inc covid hosp","quantile",0.05,4894.24612875138
"2022-12-05",11,"US","inc covid hosp","quantile",0.1,5295.5261066614
"2022-12-05",11,"US","inc covid hosp","quantile",0.15,5540.8417159719
"2022-12-05",11,"US","inc covid hosp","quantile",0.2,5752.54191286166
"2022-12-05",11,"US","inc covid hosp","quantile",0.25,5933.6361656942
"2022-12-05",11,"US","inc covid hosp","quantile",0.3,6092.1463108034
"2022-12-05",11,"US","inc covid hosp","quantile",0.35,6228.47697367103
"2022-12-05",11,"US","inc covid hosp","quantile",0.4,6349.8776933517
"2022-12-05",11,"US","inc covid hosp","quantile",0.45,6471.85685475621
"2022-12-05",11,"US","inc covid hosp","quantile",0.5,6621.9193678049
"2022-12-05",11,"US","inc covid hosp","quantile",0.55,6757.75896829121
"2022-12-05",11,"US","inc covid hosp","quantile",0.6,6897.96275424544
"2022-12-05",11,"US","inc covid hosp","quantile",0.65,7048.49976252036
"2022-12-05",11,"US","inc covid hosp","quantile",0.7,7232.12580402507
"2022-12-05",11,"US","inc covid hosp","quantile",0.75,7438.8523326283
"2022-12-05",11,"US","inc covid hosp","quantile",0.8,7647.29966286108
"2022-12-05",11,"US","inc covid hosp","quantile",0.85,7900.86907843804
"2022-12-05",11,"US","inc covid hosp","quantile",0.9,8234.38241796561
"2022-12-05",11,"US","inc covid hosp","quantile",0.95,8710.9439354872
"2022-12-05",11,"US","inc covid hosp","quantile",0.975,9225.64529596101
"2022-12-05",11,"US","inc covid hosp","quantile",0.99,9669.9396599519
"2022-12-05",12,"US","inc covid hosp","quantile",0.01,3820.24954288647
"2022-12-05",12,"US","inc covid hosp","quantile",0.025,4115.44238703617
"2022-12-05",12,"US","inc covid hosp","quantile",0.05,4447.26147702436
"2022-12-05",12,"US","inc covid hosp","quantile",0.1,4869.94122931896
"2022-12-05",12,"US","inc covid hosp","quantile",0.15,5093.42369921326
"2022-12-05",12,"US","inc covid hosp","quantile",0.2,5296.0642515086
"2022-12-05",12,"US","inc covid hosp","quantile",0.25,5467.90084752186
"2022-12-05",12,"US","inc covid hosp","quantile",0.3,5637.50885364194
"2022-12-05",12,"US","inc covid hosp","quantile",0.35,5771.00188029769
"2022-12-05",12,"US","inc covid hosp","quantile",0.4,5904.53335862595
"2022-12-05",12,"US","inc covid hosp","quantile",0.45,6043.2579754036
"2022-12-05",12,"US","inc covid hosp","quantile",0.5,6194.55134871162
"2022-12-05",12,"US","inc covid hosp","quantile",0.55,6357.39892382931
"2022-12-05",12,"US","inc covid hosp","quantile",0.6,6521.962022896
"2022-12-05",12,"US","inc covid hosp","quantile",0.65,6683.07341968331
"2022-12-05",12,"US","inc covid hosp","quantile",0.7,6842.50968860277
"2022-12-05",12,"US","inc covid hosp","quantile",0.75,7025.67393306
"2022-12-05",12,"US","inc covid hosp","quantile",0.8,7258.71975850651
"2022-12-05",12,"US","inc covid hosp","quantile",0.85,7485.72156832293
"2022-12-05",12,"US","inc covid hosp","quantile",0.9,7833.89261398961
"2022-12-05",12,"US","inc covid hosp","quantile",0.95,8341.49199221403
"2022-12-05",12,"US","inc covid hosp","quantile",0.975,8858.00373600027
"2022-12-05",12,"US","inc covid hosp","quantile",0.99,9379.63651242151
"2022-12-05",13,"US","inc covid hosp","quantile",0.01,3856.09535270677
"2022-12-05",13,"US","inc covid hosp","quantile",0.025,4236.85316109509
"2022-12-05",13,"US","inc covid hosp","quantile",0.05,4571.9018195584
"2022-12-05",13,"US","inc covid hosp","quantile",0.1,4994.5077041663
"2022-12-05",13,"US","inc covid hosp","quantile",0.15,5278.68932360578
"2022-12-05",13,"US","inc covid hosp","quantile",0.2,5490.47531256571
"2022-12-05",13,"US","inc covid hosp","quantile",0.25,5719.74893568531
"2022-12-05",13,"US","inc covid hosp","quantile",0.3,5876.17306763961
"2022-12-05",13,"US","inc covid hosp","quantile",0.35,6030.23306656303
"2022-12-05",13,"US","inc covid hosp","quantile",0.4,6174.82195029832
"2022-12-05",13,"US","inc covid hosp","quantile",0.45,6351.72583390501
"2022-12-05",13,"US","inc covid hosp","quantile",0.5,6511.90849780316
"2022-12-05",13,"US","inc covid hosp","quantile",0.55,6738.00861788297
"2022-12-05",13,"US","inc covid hosp","quantile",0.6,6902.01339390279
"2022-12-05",13,"US","inc covid hosp","quantile",0.65,7057.39215821202
"2022-12-05",13,"US","inc covid hosp","quantile",0.7,7274.99842684475
"2022-12-05",13,"US","inc covid hosp","quantile",0.75,7488.14199991974
"2022-12-05",13,"US","inc covid hosp","quantile",0.8,7730.17464392145
"2022-12-05",13,"US","inc covid hosp","quantile",0.85,8044.20752886191
"2022-12-05",13,"US","inc covid hosp","quantile",0.9,8351.47236389272
"2022-12-05",13,"US","inc covid hosp","quantile",0.95,8924.27137422229
"2022-12-05",13,"US","inc covid hosp","quantile",0.975,9478.34480693004
"2022-12-05",13,"US","inc covid hosp","quantile",0.99,10277.1755993128
"2022-12-05",14,"US","inc covid hosp","quantile",0.01,4204.64346483914
"2022-12-05",14,"US","inc covid hosp","quantile",0.025,4668.18587896876
"2022-12-05",14,"US","inc covid hosp","quantile",0.05,5023.74667936073
"2022-12-05",14,"US","inc covid hosp","quantile",0.1,5598.5002667747
"2022-12-05",14,"US","inc covid hosp","quantile",0.15,5930.76509755858
"2022-12-05",14,"US","inc covid hosp","quantile",0.2,6153.84836845845
"2022-12-05",14,"US","inc covid hosp","quantile",0.25,6378.00535965564
"2022-12-05",14,"US","inc covid hosp","quantile",0.3,6602.47694823132
"2022-12-05",14,"US","inc covid hosp","quantile",0.35,6790.1306536262
"2022-12-05",14,"US","inc covid hosp","quantile",0.4,6974.85609947882
"2022-12-05",14,"US","inc covid hosp","quantile",0.45,7168.40009317731
"2022-12-05",14,"US","inc covid hosp","quantile",0.5,7403.09078911263
"2022-12-05",14,"US","inc covid hosp","quantile",0.55,7631.98113556351
"2022-12-05",14,"US","inc covid hosp","quantile",0.6,7843.48247698996
"2022-12-05",14,"US","inc covid hosp","quantile",0.65,8034.19987593981
"2022-12-05",14,"US","inc covid hosp","quantile",0.7,8258.97446488544
"2022-12-05",14,"US","inc covid hosp","quantile",0.75,8532.79001538718
"2022-12-05",14,"US","inc covid hosp","quantile",0.8,8818.09293361246
"2022-12-05",14,"US","inc covid hosp","quantile",0.85,9140.26342656336
"2022-12-05",14,"US","inc covid hosp","quantile",0.9,9538.62604750803
"2022-12-05",14,"US","inc covid hosp","quantile",0.95,10296.9429692487
"2022-12-05",14,"US","inc covid hosp","quantile",0.975,10930.5981103582
"2022-12-05",14,"US","inc covid hosp","quantile",0.99,11800.6265037055
"2022-12-05",2,"US","inc covid hosp","quantile",0.01,5057.28864670605
"2022-12-05",2,"US","inc covid hosp","quantile",0.025,5188.15326841411
"2022-12-05",2,"US","inc covid hosp","quantile",0.05,5298.37290937106
"2022-12-05",2,"US","inc covid hosp","quantile",0.1,5441.60371296868
"2022-12-05",2,"US","inc covid hosp","quantile",0.15,5544.28389461721
"2022-12-05",2,"US","inc covid hosp","quantile",0.2,5629.48660064907
"2022-12-05",2,"US","inc covid hosp","quantile",0.25,5693.84990887682
"2022-12-05",2,"US","inc covid hosp","quantile",0.3,5761.86767358493
"2022-12-05",2,"US","inc covid hosp","quantile",0.35,5819.57209655847
"2022-12-05",2,"US","inc covid hosp","quantile",0.4,5866.68258772887
"2022-12-05",2,"US","inc covid hosp","quantile",0.45,5918.45250694357
"2022-12-05",2,"US","inc covid hosp","quantile",0.5,5972.88261524258
"2022-12-05",2,"US","inc covid hosp","quantile",0.55,6013.95323753189
"2022-12-05",2,"US","inc covid hosp","quantile",0.6,6070.20046513035
"2022-12-05",2,"US","inc covid hosp","quantile",0.65,6124.59174477966
"2022-12-05",2,"US","inc covid hosp","quantile",0.7,6183.95021466023
"2022-12-05",2,"US","inc covid hosp","quantile",0.75,6257.17484772351
"2022-12-05",2,"US","inc covid hosp","quantile",0.8,6329.97234579911
"2022-12-05",2,"US","inc covid hosp","quantile",0.85,6438.66853764132
"2022-12-05",2,"US","inc covid hosp","quantile",0.9,6547.30121874889
"2022-12-05",2,"US","inc covid hosp","quantile",0.95,6721.04885098208
"2022-12-05",2,"US","inc covid hosp","quantile",0.975,6876.56957696154
"2022-12-05",2,"US","inc covid hosp","quantile",0.99,7022.38491825948
"2022-12-05",3,"US","inc covid hosp","quantile",0.01,4879.86521711583
"2022-12-05",3,"US","inc covid hosp","quantile",0.025,5029.04205798995
"2022-12-05",3,"US","inc covid hosp","quantile",0.05,5201.13733971341
"2022-12-05",3,"US","inc covid hosp","quantile",0.1,5354.15066149209
"2022-12-05",3,"US","inc covid hosp","quantile",0.15,5443.00624665242
"2022-12-05",3,"US","inc covid hosp","quantile",0.2,5530.98238372986
"2022-12-05",3,"US","inc covid hosp","quantile",0.25,5603.07851575907
"2022-12-05",3,"US","inc covid hosp","quantile",0.3,5672.81738963075
"2022-12-05",3,"US","inc covid hosp","quantile",0.35,5735.22769812598
"2022-12-05",3,"US","inc covid hosp","quantile",0.4,5793.51905473038
"2022-12-05",3,"US","inc covid hosp","quantile",0.45,5845.96470554312
"2022-12-05",3,"US","inc covid hosp","quantile",0.5,5897.22190602946
"2022-12-05",3,"US","inc covid hosp","quantile",0.55,5966.97888472631
"2022-12-05",3,"US","inc covid hosp","quantile",0.6,6030.86087245675
"2022-12-05",3,"US","inc covid hosp","quantile",0.65,6092.01586677811
"2022-12-05",3,"US","inc covid hosp","quantile",0.7,6172.85841504562
"2022-12-05",3,"US","inc covid hosp","quantile",0.75,6248.96254862884
"2022-12-05",3,"US","inc covid hosp","quantile",0.8,6324.77462410083
"2022-12-05",3,"US","inc covid hosp","quantile",0.85,6415.49955974117
"2022-12-05",3,"US","inc covid hosp","quantile",0.9,6539.61348340244
"2022-12-05",3,"US","inc covid hosp","quantile",0.95,6704.4905647796
"2022-12-05",3,"US","inc covid hosp","quantile",0.975,6862.24434485571
"2022-12-05",3,"US","inc covid hosp","quantile",0.99,7039.29614637211
"2022-12-05",4,"US","inc covid hosp","quantile",0.01,4886.76047103109
"2022-12-05",4,"US","inc covid hosp","quantile",0.025,5049.19745053893
"2022-12-05",4,"US","inc covid hosp","quantile",0.05,5209.93459826897
"2022-12-05",4,"US","inc covid hosp","quantile",0.1,5381.20149247674
"2022-12-05",4,"US","inc covid hosp","quantile",0.15,5496.07321538317
"2022-12-05",4,"US","inc covid hosp","quantile",0.2,5586.03545674194
"2022-12-05",4,"US","inc covid hosp","quantile",0.25,5683.36488379737
"2022-12-05",4,"US","inc covid hosp","quantile",0.3,5761.00911797426
"2022-12-05",4,"US","inc covid hosp","quantile",0.35,5836.00857944947
"2022-12-05",4,"US","inc covid hosp","quantile",0.4,5898.44914532376
"2022-12-05",4,"US","inc covid hosp","quantile",0.45,5963.8524443115
"2022-12-05",4,"US","inc covid hosp","quantile",0.5,6022.7472719405
"2022-12-05",4,"US","inc covid hosp","quantile",0.55,6092.28874865534
"2022-12-05",4,"US","inc covid hosp","quantile",0.6,6150.89556571759
"2022-12-05",4,"US","inc covid hosp","quantile",0.65,6228.87538894973
"2022-12-05",4,"US","inc covid hosp","quantile",0.7,6298.35443625921
"2022-12-05",4,"US","inc covid hosp","quantile",0.75,6391.28948991083
"2022-12-05",4,"US","inc covid hosp","quantile",0.8,6476.63718335082
"2022-12-05",4,"US","inc covid hosp","quantile",0.85,6577.31090395022
"2022-12-05",4,"US","inc covid hosp","quantile",0.9,6737.51467857053
"2022-12-05",4,"US","inc covid hosp","quantile",0.95,6938.43938946241
"2022-12-05",4,"US","inc covid hosp","quantile",0.975,7077.11028699168
"2022-12-05",4,"US","inc covid hosp","quantile",0.99,7308.51237684911
"2022-12-05",5,"US","inc covid hosp","quantile",0.01,4550.32716149109
"2022-12-05",5,"US","inc covid hosp","quantile",0.025,4723.67343802355
"2022-12-05",5,"US","inc covid hosp","quantile",0.05,4859.74738935095
"2022-12-05",5,"US","inc covid hosp","quantile",0.1,5019.73146563801
"2022-12-05",5,"US","inc covid hosp","quantile",0.15,5144.30161105264
"2022-12-05",5,"US","inc covid hosp","quantile",0.2,5249.68887576279
"2022-12-05",5,"US","inc covid hosp","quantile",0.25,5344.56958801234
"2022-12-05",5,"US","inc covid hosp","quantile",0.3,5428.40215063672
"2022-12-05",5,"US","inc covid hosp","quantile",0.35,5498.28797616606
"2022-12-05",5,"US","inc covid hosp","quantile",0.4,5576.98693297439
"2022-12-05",5,"US","inc covid hosp","quantile",0.45,5639.20758226546
"2022-12-05",5,"US","inc covid hosp","quantile",0.5,5717.2903996318
"2022-12-05",5,"US","inc covid hosp","quantile",0.55,5793.2621050993
"2022-12-05",5,"US","inc covid hosp","quantile",0.6,5862.08826761203
"2022-12-05",5,"US","inc covid hosp","quantile",0.65,5940.33072489433
"2022-12-05",5,"US","inc covid hosp","quantile",0.7,6020.59931548238
"2022-12-05",5,"US","inc covid hosp","quantile",0.75,6090.47796852482
"2022-12-05",5,"US","inc covid hosp","quantile",0.8,6181.91134349393
"2022-12-05",5,"US","inc covid hosp","quantile",0.85,6291.096722752
"2022-12-05",5,"US","inc covid hosp","quantile",0.9,6478.38965106362
"2022-12-05",5,"US","inc covid hosp","quantile",0.95,6698.97985281606
"2022-12-05",5,"US","inc covid hosp","quantile",0.975,6891.39604983259
"2022-12-05",5,"US","inc covid hosp","quantile",0.99,7183.22451053067
"2022-12-05",6,"US","inc covid hosp","quantile",0.01,4564.63636016216
"2022-12-05",6,"US","inc covid hosp","quantile",0.025,4752.93349913902
"2022-12-05",6,"US","inc covid hosp","quantile",0.05,4926.37986212116
"2022-12-05",6,"US","inc covid hosp","quantile",0.1,5134.75248142881
"2022-12-05",6,"US","inc covid hosp","quantile",0.15,5282.85139970209
"2022-12-05",6,"US","inc covid hosp","quantile",0.2,5399.48159219488
"2022-12-05",6,"US","inc covid hosp","quantile",0.25,5505.25735173159
"2022-12-05",6,"US","inc covid hosp","quantile",0.3,5595.36631657762
"2022-12-05",6,"US","inc covid hosp","quantile",0.35,5693.17711373261
"2022-12-05",6,"US","inc covid hosp","quantile",0.4,5765.91587281105
"2022-12-05",6,"US","inc covid hosp","quantile",0.45,5842.79586511583
"2022-12-05",6,"US","inc covid hosp","quantile",0.5,5945.11457524946
"2022-12-05",6,"US","inc covid hosp","quantile",0.55,6039.85349447645
"2022-12-05",6,"US","inc covid hosp","quantile",0.6,6117.87319792623
"2022-12-05",6,"US","inc covid hosp","quantile",0.65,6212.55955859775
"2022-12-05",6,"US","inc covid hosp","quantile",0.7,6313.88454696019
"2022-12-05",6,"US","inc covid hosp","quantile",0.75,6438.08376666902
"2022-12-05",6,"US","inc covid hosp","quantile",0.8,6558.5329761024
"2022-12-05",6,"US","inc covid hosp","quantile",0.85,6704.03287479931
"2022-12-05",6,"US","inc covid hosp","quantile",0.9,6880.95993258223
"2022-12-05",6,"US","inc covid hosp","quantile",0.95,7171.43214048993
"2022-12-05",6,"US","inc covid hosp","quantile",0.975,7448.76026516542
"2022-12-05",6,"US","inc covid hosp","quantile",0.99,7712.70686653879
"2022-12-05",7,"US","inc covid hosp","quantile",0.01,5021.31252579451
"2022-12-05",7,"US","inc covid hosp","quantile",0.025,5289.66711242408
"2022-12-05",7,"US","inc covid hosp","quantile",0.05,5476.98110681584
"2022-12-05",7,"US","inc covid hosp","quantile",0.1,5739.14491762238
"2022-12-05",7,"US","inc covid hosp","quantile",0.15,5923.63923678087
"2022-12-05",7,"US","inc covid hosp","quantile",0.2,6091.69010889094
"2022-12-05",7,"US","inc covid hosp","quantile",0.25,6218.69405867188
"2022-12-05",7,"US","inc covid hosp","quantile",0.3,6339.78660942704
"2022-12-05",7,"US","inc covid hosp","quantile",0.35,6450.88291578007
"2022-12-05",7,"US","inc covid hosp","quantile",0.4,6544.40069679084
"2022-12-05",7,"US","inc covid hosp","quantile",0.45,6649.43485292725
"2022-12-05",7,"US","inc covid hosp","quantile",0.5,6748.8847865497
"2022-12-05",7,"US","inc covid hosp","quantile",0.55,6857.79347447692
"2022-12-05",7,"US","inc covid hosp","quantile",0.6,6964.90175906656
"2022-12-05",7,"US","inc covid hosp","quantile",0.65,7080.71089525779
"2022-12-05",7,"US","inc covid hosp","quantile",0.7,7196.96871365876
"2022-12-05",7,"US","inc covid hosp","quantile",0.75,7348.96589344439
"2022-12-05",7,"US","inc covid hosp","quantile",0.8,7502.59375747226
"2022-12-05",7,"US","inc covid hosp","quantile",0.85,7658.34765375901
"2022-12-05",7,"US","inc covid hosp","quantile",0.9,7889.6381345616
"2022-12-05",7,"US","inc covid hosp","quantile",0.95,8226.90285338702
"2022-12-05",7,"US","inc covid hosp","quantile",0.975,8597.68319480503
"2022-12-05",7,"US","inc covid hosp","quantile",0.99,8939.31099792819
"2022-12-05",8,"US","inc covid hosp","quantile",0.01,4908.14416039456
"2022-12-05",8,"US","inc covid hosp","quantile",0.025,5196.58417955253
"2022-12-05",8,"US","inc covid hosp","quantile",0.05,5431.68032436712
"2022-12-05",8,"US","inc covid hosp","quantile",0.1,5714.0353405549
"2022-12-05",8,"US","inc covid hosp","quantile",0.15,5908.38770229665
"2022-12-05",8,"US","inc covid hosp","quantile",0.2,6061.29035151116
"2022-12-05",8,"US","inc covid hosp","quantile",0.25,6211.23983092808
"2022-12-05",8,"US","inc covid hosp","quantile",0.3,6327.73135534074
"2022-12-05",8,"US","inc covid hosp","quantile",0.35,6454.2868411619
"2022-12-05",8,"US","inc covid hosp","quantile",0.4,6598.02931191994
"2022-12-05",8,"US","inc covid hosp","quantile",0.45,6696.10829857829
"2022-12-05",8,"US","inc covid hosp","quantile",0.5,6837.9152891223
"2022-12-05",8,"US","inc covid hosp","quantile",0.55,6953.6665493957
"2022-12-05",8,"US","inc covid hosp","quantile",0.6,7060.62420183994
"2022-12-05",8,"US","inc covid hosp","quantile",0.65,7186.91074420336
"2022-12-05",8,"US","inc covid hosp","quantile",0.7,7338.73463353088
"2022-12-05",8,"US","inc covid hosp","quantile",0.75,7484.65267928582
"2022-12-05",8,"US","inc covid hosp","quantile",0.8,7646.23103175573
"2022-12-05",8,"US","inc covid hosp","quantile",0.85,7835.72206441107
"2022-12-05",8,"US","inc covid hosp","quantile",0.9,8062.46241079069
"2022-12-05",8,"US","inc covid hosp","quantile",0.95,8438.35092198544
"2022-12-05",8,"US","inc covid hosp","quantile",0.975,8820.8511764458
"2022-12-05",8,"US","inc covid hosp","quantile",0.99,9285.02109290331
"2022-12-05",9,"US","inc covid hosp","quantile",0.01,4485.47604875851
"2022-12-05",9,"US","inc covid hosp","quantile",0.025,4858.50178729973
"2022-12-05",9,"US","inc covid hosp","quantile",0.05,5135.05467824213
"2022-12-05",9,"US","inc covid hosp","quantile",0.1,5450.12887336273
"2022-12-05",9,"US","inc covid hosp","quantile",0.15,5692.07295748812
"2022-12-05",9,"US","inc covid hosp","quantile",0.2,5843.72043141509
"2022-12-05",9,"US","inc covid hosp","quantile",0.25,6003.6721769486
"2022-12-05",9,"US","inc covid hosp","quantile",0.3,6154.84456042222
"2022-12-05",9,"US","inc covid hosp","quantile",0.35,6286.86872525116
"2022-12-05",9,"US","inc covid hosp","quantile",0.4,6433.16794453898
"2022-12-05",9,"US","inc covid hosp","quantile",0.45,6570.81117250981
"2022-12-05",9,"US","inc covid hosp","quantile",0.5,6684.64807321181
"2022-12-05",9,"US","inc covid hosp","quantile",0.55,6800.71575622691
"2022-12-05",9,"US","inc covid hosp","quantile",0.6,6929.71272484434
"2022-12-05",9,"US","inc covid hosp","quantile",0.65,7068.85910964505
"2022-12-05",9,"US","inc covid hosp","quantile",0.7,7211.89617673267
"2022-12-05",9,"US","inc covid hosp","quantile",0.75,7383.22805982246
"2022-12-05",9,"US","inc covid hosp","quantile",0.8,7585.31294775211
"2022-12-05",9,"US","inc covid hosp","quantile",0.85,7751.26959257289
"2022-12-05",9,"US","inc covid hosp","quantile",0.9,8047.14352635684
"2022-12-05",9,"US","inc covid hosp","quantile",0.95,8482.86198684094
"2022-12-05",9,"US","inc covid hosp","quantile",0.975,8793.64764986169
"2022-12-05",9,"US","inc covid hosp","quantile",0.99,9277.95598100637
